epoch,time,train/box_loss,train/cls_loss,train/dfl_loss,metrics/precision(B),metrics/recall(B),metrics/mAP50(B),metrics/mAP50-95(B),val/box_loss,val/cls_loss,val/dfl_loss,lr/pg0,lr/pg1,lr/pg2
2,487.414,2.36648,2.57436,0.88031,0.00333,0.0122,0.00029,3e-05,2.3132,3.40578,0.82677,0.00102073,0.00102073,0.00102073
1,395.035,2.49024,3.20131,0.9591,0.00333,0.0122,0.00187,0.00019,2.57117,3.44439,0.88094,0.000606061,0.000606061,0.000606061
3,663.959,2.38169,2.22068,0.88064,0,0,0,0,2.68392,3.26862,0.95516,0.00117139,0.00117139,0.00117139
2,539.758,2.3923,2.55101,0.88361,0,0,0,0,2.57739,3.40824,0.8745,0.00126013,0.00126013,0.00126013
4,802.067,2.45653,1.92224,0.89682,0.03,0.10976,0.00315,0.00104,2.29721,3.18012,0.85364,0.000812,0.000812,0.000812
3,670.907,2.43418,2.1036,0.8933,0.05333,0.19512,0.0318,0.00406,3.15473,3.17774,1.16186,0.00190099,0.00190099,0.00190099
5,935.548,2.41455,1.78593,0.86493,0.04,0.14634,0.03996,0.01441,2.07518,3.08077,0.82144,0.000416,0.000416,0.000416
4,764.069,2.66194,1.68901,0.8965,0.1,0.36585,0.07711,0.01627,2.98115,3.0705,0.96271,0.0019406,0.0019406,0.0019406
5,1104.42,2.55711,1.46562,0.8735,0.16,0.58537,0.23553,0.05374,2.87187,2.77348,0.93663,0.0019208,0.0019208,0.0019208
6,1354.62,2.39638,1.30149,0.88141,0.19667,0.71951,0.59802,0.27099,2.16708,2.25028,0.9198,0.001901,0.001901,0.001901
7,1495.37,2.31667,1.20946,0.89725,0.87787,0.3507,0.6074,0.25802,2.25344,1.87083,0.88081,0.0018812,0.0018812,0.0018812
8,1613.97,2.28238,1.16665,0.88566,0.7594,0.65441,0.69978,0.31115,1.93426,1.54315,0.83698,0.0018614,0.0018614,0.0018614
9,1756.25,2.36334,1.12489,0.88159,0.76629,0.5598,0.57059,0.26062,2.04023,1.22525,0.87515,0.0018416,0.0018416,0.0018416
10,1824.22,2.13116,1.10063,0.86843,0.37517,0.54878,0.30677,0.15177,1.99325,1.56817,0.86002,0.0018218,0.0018218,0.0018218
11,1877.77,2.11371,1.06934,0.86651,0.3382,0.30488,0.15508,0.07586,1.9871,3.91885,0.86527,0.001802,0.001802,0.001802
12,1928.34,2.13429,1.05081,0.8468,0.57586,0.46341,0.34184,0.16225,2.09521,2.02498,0.86497,0.0017822,0.0017822,0.0017822
13,1980.98,2.19637,1.05144,0.84744,0.67606,0.54878,0.522,0.23892,1.99974,1.31172,0.85315,0.0017624,0.0017624,0.0017624
14,2031.68,2.03937,1.04848,0.85699,0.77174,0.65973,0.66971,0.32314,1.92787,0.95465,0.85617,0.0017426,0.0017426,0.0017426
15,2083.51,2.11194,0.99789,0.829,0.83614,0.68293,0.7644,0.37701,1.69401,0.93797,0.82048,0.0017228,0.0017228,0.0017228
16,2135.29,2.06406,0.99832,0.82854,0.72379,0.76695,0.73252,0.37226,1.75634,0.93853,0.83058,0.001703,0.001703,0.001703
17,2186.58,1.94269,0.98421,0.83417,0.78527,0.7439,0.7812,0.37283,1.73571,0.9403,0.82261,0.0016832,0.0016832,0.0016832
18,2238.9,1.99468,0.98733,0.82762,0.75112,0.76829,0.79751,0.383,1.69711,0.95217,0.81547,0.0016634,0.0016634,0.0016634
19,2291.03,1.95777,0.97992,0.82142,0.83559,0.74375,0.82098,0.41718,1.67543,0.89655,0.81458,0.0016436,0.0016436,0.0016436
20,2343.09,1.91785,0.9528,0.82435,0.77821,0.76829,0.78959,0.41228,1.60256,0.91016,0.80328,0.0016238,0.0016238,0.0016238
21,2396.79,1.9388,0.94836,0.81842,0.7608,0.82927,0.81509,0.44967,1.51939,0.86892,0.7998,0.001604,0.001604,0.001604
22,2449.67,2.00634,0.94327,0.81188,0.76952,0.80488,0.79691,0.44942,1.52846,0.83708,0.80483,0.0015842,0.0015842,0.0015842
23,2501.82,1.80423,0.93977,0.82563,0.78213,0.80488,0.82462,0.48096,1.50218,0.82093,0.79945,0.0015644,0.0015644,0.0015644
24,2554.35,1.86586,0.90803,0.80643,0.83074,0.71826,0.81588,0.47609,1.43972,0.83568,0.79347,0.0015446,0.0015446,0.0015446
25,2606.39,1.81672,0.90622,0.81462,0.79808,0.77126,0.80718,0.48441,1.39125,0.82113,0.7894,0.0015248,0.0015248,0.0015248
26,2658.85,1.77495,0.88407,0.81569,0.75775,0.76295,0.8096,0.48827,1.41983,0.82351,0.7948,0.001505,0.001505,0.001505
27,2711.56,1.88575,0.91346,0.80758,0.66317,0.76834,0.78008,0.44592,1.58732,0.87877,0.79782,0.0014852,0.0014852,0.0014852
28,2764.16,1.7808,0.89567,0.82536,0.79462,0.76829,0.77941,0.44491,1.56074,0.83128,0.8044,0.0014654,0.0014654,0.0014654
29,2815.42,1.77862,0.87772,0.8193,0.76751,0.76494,0.8071,0.48012,1.41438,0.80839,0.78384,0.0014456,0.0014456,0.0014456
30,2867.98,1.87451,0.90874,0.80416,0.68923,0.70324,0.7236,0.3749,1.63855,0.96557,0.81068,0.0014258,0.0014258,0.0014258
31,2921.39,1.85744,0.90961,0.81261,0.76053,0.78049,0.80999,0.44456,1.58292,0.86834,0.78717,0.001406,0.001406,0.001406
32,2974.11,1.95605,0.89324,0.81001,0.80307,0.78049,0.80039,0.43583,1.55651,0.82386,0.79061,0.0013862,0.0013862,0.0013862
33,3026.05,1.74158,0.87688,0.82095,0.75817,0.80488,0.80811,0.46854,1.46506,0.81447,0.78549,0.0013664,0.0013664,0.0013664
34,3078.97,1.72373,0.89823,0.82345,0.78002,0.78049,0.81865,0.45673,1.49828,0.81105,0.78794,0.0013466,0.0013466,0.0013466
35,3132.45,1.7575,0.87975,0.81023,0.76472,0.79268,0.80962,0.49052,1.37307,0.7796,0.78046,0.0013268,0.0013268,0.0013268
36,3185.02,1.7527,0.86044,0.80485,0.80684,0.76414,0.80732,0.48271,1.42549,0.81074,0.77883,0.001307,0.001307,0.001307
37,3236.8,1.74732,0.87001,0.81243,0.7761,0.76094,0.78832,0.47265,1.4409,0.8079,0.78615,0.0012872,0.0012872,0.0012872
38,3289.18,1.75498,0.85465,0.81162,0.78494,0.81707,0.80485,0.47749,1.46387,0.78202,0.79136,0.0012674,0.0012674,0.0012674
39,3342.02,1.61225,0.83157,0.81084,0.85353,0.78171,0.8254,0.481,1.4442,0.79171,0.78569,0.0012476,0.0012476,0.0012476
40,3396.73,1.69802,0.84429,0.80403,0.85079,0.78049,0.80237,0.47995,1.37929,0.78025,0.78327,0.0012278,0.0012278,0.0012278
41,3447.89,1.6057,0.83011,0.81599,0.79114,0.78532,0.83318,0.48389,1.38831,0.7763,0.79097,0.001208,0.001208,0.001208
42,3499.93,1.65046,0.84646,0.81207,0.79761,0.81702,0.83792,0.49148,1.37664,0.77669,0.79297,0.0011882,0.0011882,0.0011882
43,3552.38,1.70177,0.84197,0.81076,0.7774,0.80488,0.82952,0.51027,1.30753,0.75286,0.77835,0.0011684,0.0011684,0.0011684
44,3604.94,1.62657,0.83733,0.80911,0.81439,0.69558,0.79485,0.44727,1.4391,0.83702,0.79647,0.0011486,0.0011486,0.0011486
45,3657.16,1.71129,0.8424,0.79945,0.79048,0.68293,0.77537,0.42288,1.51092,0.89669,0.80253,0.0011288,0.0011288,0.0011288
46,3708.96,1.66917,0.83281,0.80459,0.85277,0.77704,0.82259,0.51327,1.27035,0.72612,0.78028,0.001109,0.001109,0.001109
47,3761.29,1.68808,0.83025,0.80345,0.81682,0.81707,0.82298,0.49799,1.35243,0.75044,0.78371,0.0010892,0.0010892,0.0010892
48,3812.82,1.64258,0.82068,0.8111,0.79006,0.80488,0.82096,0.48241,1.40219,0.7894,0.79171,0.0010694,0.0010694,0.0010694
49,3865.35,1.59047,0.81732,0.81125,0.79962,0.7561,0.82927,0.49658,1.36507,0.8163,0.79688,0.0010496,0.0010496,0.0010496
50,3916.72,1.57443,0.81654,0.80729,0.77698,0.81707,0.8444,0.54053,1.30363,0.77426,0.78213,0.0010298,0.0010298,0.0010298
51,3968.58,1.61896,0.8233,0.80837,0.79501,0.79268,0.81731,0.50534,1.32674,0.7972,0.78114,0.00101,0.00101,0.00101
52,4019.45,1.63974,0.82117,0.80546,0.81994,0.76829,0.805,0.47043,1.43067,0.83889,0.79632,0.0009902,0.0009902,0.0009902
53,4071,1.73313,0.83121,0.78799,0.80342,0.79268,0.8462,0.50917,1.38342,0.79402,0.78712,0.0009704,0.0009704,0.0009704
54,4122.6,1.6057,0.80658,0.79588,0.80778,0.82927,0.83579,0.51433,1.29454,0.77959,0.78299,0.0009506,0.0009506,0.0009506
55,4174.31,1.66513,0.81518,0.80004,0.77998,0.80488,0.81828,0.51078,1.28352,0.77647,0.78341,0.0009308,0.0009308,0.0009308
56,4226.67,1.62699,0.80359,0.79489,0.79674,0.8127,0.80056,0.50689,1.32744,0.78456,0.78362,0.000911,0.000911,0.000911
57,4278.85,1.64678,0.80009,0.7883,0.7916,0.81707,0.80929,0.4968,1.30317,0.77453,0.78251,0.0008912,0.0008912,0.0008912
58,4330.91,1.66194,0.80645,0.79196,0.82407,0.82927,0.83785,0.50569,1.29545,0.76564,0.79153,0.0008714,0.0008714,0.0008714
59,4388.83,1.6184,0.79131,0.79228,0.8782,0.79268,0.84017,0.51047,1.34076,0.71756,0.78461,0.0008516,0.0008516,0.0008516
60,4442.03,1.58857,0.78294,0.7956,0.89155,0.79268,0.83475,0.51014,1.30233,0.70857,0.77936,0.0008318,0.0008318,0.0008318
61,4494.22,1.6248,0.77868,0.79297,0.85918,0.79268,0.81956,0.53368,1.24095,0.71395,0.7835,0.000812,0.000812,0.000812
62,4546.57,1.59917,0.78213,0.79343,0.8178,0.76632,0.78211,0.5232,1.22574,0.72676,0.78057,0.0007922,0.0007922,0.0007922
63,4598.48,1.58303,0.77463,0.79197,0.82502,0.78049,0.8122,0.5189,1.26987,0.73863,0.78107,0.0007724,0.0007724,0.0007724
64,4651.44,1.63114,0.78645,0.7923,0.81473,0.78049,0.82561,0.51131,1.28523,0.7686,0.78271,0.0007526,0.0007526,0.0007526
65,4702.8,1.50226,0.75921,0.79857,0.79727,0.81534,0.8276,0.50531,1.3191,0.75548,0.78962,0.0007328,0.0007328,0.0007328
66,4755.76,1.73688,0.79897,0.7792,0.8092,0.82752,0.83481,0.51373,1.28183,0.73381,0.78196,0.000713,0.000713,0.000713
67,4807.92,1.55836,0.78423,0.7967,0.86373,0.77302,0.84711,0.54558,1.19999,0.70841,0.77757,0.0006932,0.0006932,0.0006932
68,4860.63,1.52846,0.76732,0.79724,0.83683,0.79268,0.82597,0.53736,1.18603,0.69645,0.77672,0.0006734,0.0006734,0.0006734
69,4912.46,1.58399,0.76542,0.78427,0.81762,0.80488,0.84091,0.53822,1.20187,0.70671,0.7751,0.0006536,0.0006536,0.0006536
70,4962.76,1.48849,0.77578,0.79958,0.84522,0.80488,0.83513,0.53485,1.24515,0.73071,0.77794,0.0006338,0.0006338,0.0006338
71,5013.47,1.62254,0.77112,0.77842,0.82691,0.80488,0.82808,0.53421,1.25909,0.72415,0.78035,0.000614,0.000614,0.000614
72,5066.09,1.513,0.75079,0.79506,0.84359,0.78933,0.82761,0.53061,1.25845,0.72882,0.78844,0.0005942,0.0005942,0.0005942
73,5117.72,1.53675,0.75904,0.78874,0.78363,0.78049,0.82306,0.52382,1.27116,0.73376,0.78473,0.0005744,0.0005744,0.0005744
74,5170.29,1.51367,0.77013,0.79662,0.83783,0.79268,0.8469,0.52764,1.26772,0.70778,0.78471,0.0005546,0.0005546,0.0005546
75,5221.66,1.52123,0.75751,0.79452,0.88172,0.72734,0.84382,0.52495,1.26129,0.72239,0.78723,0.0005348,0.0005348,0.0005348
76,5274.27,1.56877,0.76636,0.78316,0.77939,0.73245,0.81469,0.51009,1.28875,0.73434,0.78629,0.000515,0.000515,0.000515
77,5325.78,1.49052,0.76223,0.79166,0.866,0.70935,0.81679,0.52307,1.27784,0.7407,0.7836,0.0004952,0.0004952,0.0004952
78,5377.65,1.57374,0.75528,0.7872,0.82179,0.78733,0.8316,0.52867,1.23755,0.71149,0.78171,0.0004754,0.0004754,0.0004754
79,5429.52,1.51538,0.75073,0.79056,0.79631,0.81052,0.82986,0.52199,1.24653,0.72286,0.77948,0.0004556,0.0004556,0.0004556
80,5481.77,1.5757,0.76266,0.78896,0.78887,0.8202,0.82521,0.51617,1.2573,0.7301,0.77864,0.0004358,0.0004358,0.0004358
81,5532.98,1.45427,0.74021,0.79521,0.80406,0.79268,0.82461,0.53278,1.2566,0.72224,0.77882,0.000416,0.000416,0.000416
82,5585.73,1.55739,0.75088,0.78317,0.79987,0.80488,0.84276,0.53855,1.247,0.73303,0.77991,0.0003962,0.0003962,0.0003962
83,5637.58,1.44376,0.73776,0.79769,0.74995,0.80488,0.81461,0.5375,1.22519,0.7435,0.78163,0.0003764,0.0003764,0.0003764
84,5689.98,1.54442,0.75217,0.78851,0.75716,0.79853,0.81739,0.52735,1.25731,0.73496,0.78003,0.0003566,0.0003566,0.0003566
85,5742.81,1.51044,0.75262,0.79052,0.78029,0.81707,0.82012,0.53103,1.25252,0.71264,0.77983,0.0003368,0.0003368,0.0003368
86,5795.83,1.54952,0.75168,0.7881,0.80161,0.82927,0.84223,0.55347,1.17993,0.68433,0.77855,0.000317,0.000317,0.000317
87,5847.93,1.53134,0.73968,0.78354,0.80111,0.83508,0.83996,0.54441,1.19279,0.68912,0.77911,0.0002972,0.0002972,0.0002972
88,5901.61,1.54045,0.74356,0.78135,0.79081,0.82985,0.83172,0.55509,1.18473,0.69425,0.77906,0.0002774,0.0002774,0.0002774
89,5953.59,1.48207,0.73463,0.78598,0.82655,0.80488,0.84849,0.53898,1.24613,0.71913,0.78119,0.0002576,0.0002576,0.0002576
90,6005.96,1.53724,0.74479,0.77626,0.82832,0.8238,0.85984,0.52961,1.25196,0.72379,0.78363,0.0002378,0.0002378,0.0002378
91,6054.91,1.45675,0.83639,0.80192,0.88292,0.7561,0.83154,0.5242,1.25366,0.71959,0.78583,0.000218,0.000218,0.000218
92,6102.89,1.33717,0.75208,0.79893,0.87833,0.7439,0.83396,0.54105,1.23089,0.70754,0.78171,0.0001982,0.0001982,0.0001982
93,6150.99,1.35942,0.75331,0.80135,0.88329,0.73842,0.82709,0.55332,1.21251,0.69918,0.78013,0.0001784,0.0001784,0.0001784
94,6199.03,1.36025,0.74081,0.79767,0.82145,0.79268,0.84107,0.53193,1.24687,0.72113,0.77992,0.0001586,0.0001586,0.0001586
95,6247.73,1.4419,0.76428,0.79402,0.87367,0.7561,0.84043,0.53125,1.26327,0.73741,0.77943,0.0001388,0.0001388,0.0001388
96,6296.3,1.36871,0.73736,0.80035,0.87782,0.7886,0.85246,0.53143,1.25222,0.74073,0.77831,0.000119,0.000119,0.000119
97,6344.73,1.37129,0.72799,0.79441,0.84229,0.78156,0.84208,0.53789,1.20694,0.71775,0.779,9.92e-05,9.92e-05,9.92e-05
98,6392.25,1.34873,0.72204,0.79334,0.81275,0.82927,0.83437,0.53456,1.1901,0.70598,0.78012,7.94e-05,7.94e-05,7.94e-05
99,6440.44,1.34621,0.71965,0.80005,0.80794,0.81707,0.82003,0.54062,1.1954,0.70907,0.77939,5.96e-05,5.96e-05,5.96e-05
100,6489.57,1.32243,0.72095,0.80674,0.80482,0.81707,0.81903,0.54715,1.20082,0.71147,0.7796,3.98e-05,3.98e-05,3.98e-05
